{"cameraMode":{"drawMode":0,"name":"Shaded","section":"Shading Mode"},"sceneLighting":true,"audioPlay":false,"sceneViewState":{"m_AlwaysRefresh":false,"showFog":true,"showSkybox":true,"showFlares":true,"showImageEffects":true,"showParticleSystems":true,"showVisualEffectGraphs":true,"m_FxEnabled":true},"in2DMode":false,"pivot":{"x":1.6611775159835816,"y":0.7366926670074463,"z":1.2506141662597657},"rotation":{"x":-0.1294957548379898,"y":0.024695252999663354,"z":-0.0032262010499835016,"w":-0.9912735223770142},"size":2.5345118045806886,"orthographic":false}