{"cameraMode":{"drawMode":0,"name":"Shaded","section":"Shading Mode"},"sceneLighting":false,"audioPlay":false,"sceneViewState":{"m_AlwaysRefresh":false,"showFog":true,"showSkybox":true,"showFlares":true,"showImageEffects":true,"showParticleSystems":true,"showVisualEffectGraphs":true,"m_FxEnabled":true},"in2DMode":false,"pivot":{"x":0.5582914352416992,"y":5.046919822692871,"z":166.83473205566407},"rotation":{"x":0.14316833019256593,"y":-0.6526805758476257,"z":0.12749379873275758,"w":0.7329998016357422},"size":20.325424194335939,"orthographic":false}