{"cameraMode":{"drawMode":0,"name":"Shaded","section":"Shading Mode"},"sceneLighting":true,"audioPlay":false,"sceneViewState":{"m_AlwaysRefresh":false,"showFog":true,"showSkybox":true,"showFlares":true,"showImageEffects":true,"showParticleSystems":true,"showVisualEffectGraphs":true,"m_FxEnabled":true},"in2DMode":false,"pivot":{"x":0.6511722803115845,"y":1.199537992477417,"z":-0.5716862678527832},"rotation":{"x":-0.008019949309527874,"y":-0.9816752672195435,"z":0.1856398731470108,"w":-0.04243909567594528},"size":1.4249999523162842,"orthographic":false}