{"cameraMode":{"drawMode":0,"name":"Shaded","section":"Shading Mode"},"sceneLighting":true,"audioPlay":false,"sceneViewState":{"m_AlwaysRefresh":false,"showFog":true,"showSkybox":true,"showFlares":true,"showImageEffects":true,"showParticleSystems":true,"showVisualEffectGraphs":true,"m_FxEnabled":true},"in2DMode":false,"pivot":{"x":-0.8060128688812256,"y":-2.333494186401367,"z":4.787775993347168},"rotation":{"x":0.5383676886558533,"y":-0.0027936494443565609,"z":0.0017866690177470446,"w":0.8427087068557739},"size":12.081428527832032,"orthographic":false}