{"cameraMode":{"drawMode":0,"name":"Shaded","section":"Shading Mode"},"sceneLighting":true,"audioPlay":false,"sceneViewState":{"m_AlwaysRefresh":false,"showFog":true,"showSkybox":true,"showFlares":true,"showImageEffects":true,"showParticleSystems":true,"showVisualEffectGraphs":true,"m_FxEnabled":true},"in2DMode":false,"pivot":{"x":7.4288201332092289,"y":4.373465538024902,"z":151.4473114013672},"rotation":{"x":-0.2820219099521637,"y":0.0069189658388495449,"z":-0.0020777431782335045,"w":-0.9594197273254395},"size":9.317737579345704,"orthographic":false}