{"cameraMode":{"drawMode":0,"name":"Shaded","section":"Shading Mode"},"sceneLighting":true,"audioPlay":false,"sceneViewState":{"m_AlwaysRefresh":false,"showFog":true,"showSkybox":true,"showFlares":true,"showImageEffects":true,"showParticleSystems":true,"showVisualEffectGraphs":true,"m_FxEnabled":true},"in2DMode":false,"pivot":{"x":-2.866527795791626,"y":-8.273418426513672,"z":187.39218139648438},"rotation":{"x":-0.37128880620002749,"y":0.010867094621062279,"z":-0.004437192343175411,"w":-0.9285131096839905},"size":17.5463924407959,"orthographic":false}