{"cameraMode":{"drawMode":0,"name":"Shaded","section":"Shading Mode"},"sceneLighting":false,"audioPlay":false,"sceneViewState":{"m_AlwaysRefresh":false,"showFog":true,"showSkybox":true,"showFlares":true,"showImageEffects":true,"showParticleSystems":true,"showVisualEffectGraphs":true,"m_FxEnabled":true},"in2DMode":false,"pivot":{"x":-8.599405288696289,"y":-0.07879257202148438,"z":151.83941650390626},"rotation":{"x":0.7165892124176025,"y":0.0010462700156494976,"z":-0.001074792817234993,"w":0.6974979043006897},"size":16.319442749023439,"orthographic":true}