{"cameraMode":{"drawMode":0,"name":"Shaded","section":"Shading Mode"},"sceneLighting":true,"audioPlay":false,"sceneViewState":{"m_AlwaysRefresh":false,"showFog":true,"showSkybox":true,"showFlares":true,"showImageEffects":true,"showParticleSystems":true,"showVisualEffectGraphs":true,"m_FxEnabled":true},"in2DMode":false,"pivot":{"x":13.983959197998047,"y":3.888765335083008,"z":200.26385498046876},"rotation":{"x":0.7064672112464905,"y":0.0025490853004157545,"z":-0.0025444100610911848,"w":0.7077376246452332},"size":13.880529403686524,"orthographic":false}