{"cameraMode":{"drawMode":0,"name":"Shaded","section":"Shading Mode"},"sceneLighting":false,"audioPlay":false,"sceneViewState":{"m_AlwaysRefresh":false,"showFog":true,"showSkybox":false,"showFlares":true,"showImageEffects":true,"showParticleSystems":true,"showVisualEffectGraphs":true,"m_FxEnabled":true},"in2DMode":false,"pivot":{"x":-0.7496752738952637,"y":-1.3491206169128419,"z":1.1635684967041016},"rotation":{"x":0.46798598766326907,"y":-0.08257314562797547,"z":0.043883636593818668,"w":0.8788291215896606},"size":2.965244770050049,"orthographic":false}