{"cameraMode":{"drawMode":0,"name":"Shaded","section":"Shading Mode"},"sceneLighting":false,"audioPlay":false,"sceneViewState":{"m_AlwaysRefresh":false,"showFog":true,"showSkybox":false,"showFlares":true,"showImageEffects":true,"showParticleSystems":true,"showVisualEffectGraphs":true,"m_FxEnabled":true},"in2DMode":false,"pivot":{"x":-1.771382451057434,"y":2.308882713317871,"z":-3.1734790802001955},"rotation":{"x":0.49984216690063479,"y":-0.015066013671457768,"z":0.008698983117938042,"w":0.8659485578536987},"size":7.3504133224487309,"orthographic":false}