{"cameraMode":{"drawMode":0,"name":"Shaded","section":"Shading Mode"},"sceneLighting":false,"audioPlay":false,"sceneViewState":{"m_AlwaysRefresh":false,"showFog":true,"showSkybox":false,"showFlares":true,"showImageEffects":true,"showParticleSystems":true,"showVisualEffectGraphs":true,"m_FxEnabled":true},"in2DMode":false,"pivot":{"x":-3.7916526794433595,"y":0.5240707397460938,"z":25.178442001342775},"rotation":{"x":0.048869937658309939,"y":-0.020975075662136079,"z":0.0010233803186565638,"w":0.9985988736152649},"size":0.19822078943252564,"orthographic":false}